{
  "version": "1.0",
  "defaultProvider": "cdnjs",
  "libraries": [
    {
      "library": "jquery@3.3.1",
      "destination": "wwwroot/lib/jquery/"
    },
    {
      "library": "twitter-bootstrap@3.3.7",
      "files": [
        "css/bootstrap.css",
        "css/bootstrap.css.map",
        "css/bootstrap.min.css",
        "css/bootstrap.min.css.map",
        "js/bootstrap.js",
        "js/bootstrap.min.js"
      ],
      "destination": "wwwroot/lib/bootstrap/dist/"
    },
    {
      "library": "jquery-validation-unobtrusive@3.2.10",
      "destination": "wwwroot/lib/jquery-validation-unobtrusive/"
    },
    {
      "library": "jquery-validate@1.17.0",
      "destination": "wwwroot/lib/jquery-validate/",
      "files": [
        "jquery.validate.min.js",
        "jquery.validate.js"
      ]
    },
    {
      "library": "toastr.js@2.1.4",
      "destination": "wwwroot/lib/toastr/"
    },
    {
      "library": "aspnet-signalr@1.0.3",
      "files": [
        "signalr.js",
        "signalr.min.js"
      ],
      "destination": "wwwroot/lib/@aspnet/signalr/dist/browser/"
    }
  ]
}